Student_ID,Name,Department,Python,Maths,English,Physics,Chemistry,Biology,Attendance
S001,Dhiraj,BCA,28,82,75,38,78,52,75
S002,Aman,BCA,65,71,68,82,56,62,60
S003,Priya,BCA,91,48,94,96,84,79,81
S004,Neha,BCA,56,62,40,55,23,76,70
S005,Rohit,BCA,34,39,81,41,48,35,52
S006,Anjali,BCA,23,36,30,46,29,92,87
S007,Karan,BCA,48,55,52,69,67,64,72
S008,Pooja,BCA,89,22,87,45,77,81,79
S009,Arjun,BCA,67,64,72,20,59,61,57
S010,Simran,BCA,47,41,39,39,34,30,95
S011,Vikas,BCA,39,61,57,74,71,69,74
S012,Muskan,BCA,93,30,95,97,82,85,80
S013,Aditya,BCA,71,29,74,84,45,51,49
S014,Shreya,BCA,42,55,80,22,68,33,56
S015,Manish,BCA,45,51,49,65,88,83,45
S016,Nisha,BCA,68,73,66,81,61,58,63
S017,Deepak,BCA,88,83,85,93,75,20,78
S018,Komal,BCA,61,58,23,76,46,19,84
S019,Ravi,BCA,75,70,78,87,66,21,48
S020,Tanya,BCA,36,89,84,14,65,71,68